576,3314,4,85,802.4575734064686,9.02730866518162,1,2008-06-01 00:00:00.000
374,4151,7,972,327.3596333928343,9.412270209062918,1,2008-06-01 00:00:00.000
181,2377,5,146,187.18412192377508,6.363370100650324,1,2008-06-01 00:00:00.000
38,7064,1,435,255.2521254527871,0.16914760527214523,1,2008-06-01 00:00:00.000
830,10972,5,698,835.8641807229545,7.3201270531885845,1,2008-06-01 00:00:00.000
512,7776,2,734,857.2218004402238,5.473811942204218,1,2008-06-01 00:00:00.000
352,1222,1,50,714.0028132116935,2.922691447475534,1,2008-06-01 00:00:00.000
695,6239,9,173,618.4702590995838,2.8510931759164357,1,2008-06-01 00:00:00.000
927,1471,8,572,601.4451743204012,7.665988114336702,1,2008-06-01 00:00:00.000
609,9985,4,49,417.67329207796007,5.057593855415481,1,2008-06-01 00:00:00.000
579,9592,0,190,33.24557087424281,8.517888918170573,1,2008-06-01 00:00:00.000
550,10029,0,827,241.74367900885824,3.99279852588192,1,2008-06-01 00:00:00.000
301,3030,4,703,250.1339247033748,6.684387194608549,1,2008-06-01 00:00:00.000
317,4062,6,619,869.8598599556015,8.11425823349979,1,2008-06-01 00:00:00.000
8,5032,5,240,740.8279891152121,1.1135592847422526,1,2008-06-01 00:00:00.000
833,3995,0,501,783.5534670204639,6.967385721191782,1,2008-06-01 00:00:00.000
547,6679,0,53,844.6610634244812,4.404510680406137,1,2008-06-01 00:00:00.000
689,1140,6,597,183.51084278541637,9.223599558224029,1,2008-06-01 00:00:00.000
670,9075,8,837,530.2485074877472,8.164460252533692,1,2008-06-01 00:00:00.000
622,8195,2,598,881.1368652627992,3.091256549655863,1,2008-06-01 00:00:00.000
364,9621,4,652,808.1997563624922,5.921566939710823,1,2008-06-01 00:00:00.000
594,2848,4,668,905.8548817589093,0.1220193705962469,1,2008-06-01 00:00:00.000
55,10452,6,367,307.1988111036999,7.45305538521813,1,2008-06-01 00:00:00.000
50,3025,6,422,952.5718404849392,5.281003477866122,1,2008-06-01 00:00:00.000
120,5997,1,450,313.12194125599393,8.827655245467692,1,2008-06-01 00:00:00.000
39,8855,0,865,353.72579102624076,7.6822543825454765,1,2008-06-01 00:00:00.000
701,10202,4,663,106.2402844754189,7.588314475336891,1,2008-06-01 00:00:00.000
226,1025,0,824,958.8506321290836,7.611811400076597,1,2008-06-01 00:00:00.000
167,2193,6,61,618.963164518009,2.315607244617971,1,2008-06-01 00:00:00.000
346,9564,2,583,299.6437712962955,6.368809728531674,1,2008-06-01 00:00:00.000
574,2089,1,400,413.01927496629594,0.3142058795824132,1,2008-06-01 00:00:00.000
462,1159,4,0,550.1023251992534,6.05078521736588,1,2008-06-01 00:00:00.000
271,6339,6,807,603.4438942587652,6.35423959676936,1,2008-06-01 00:00:00.000
355,6741,7,486,246.4069350428136,6.692540609748933,1,2008-06-01 00:00:00.000
211,4218,7,208,771.2437469128224,9.27631946144274,1,2008-06-01 00:00:00.000
568,4613,7,761,280.8747308838968,8.13864234604656,1,2008-06-01 00:00:00.000
787,4156,5,719,972.1447286912912,1.8334561457239429,1,2008-06-01 00:00:00.000
96,7353,5,301,572.4786216564055,3.6878150410135637,1,2008-06-01 00:00:00.000
880,10266,6,773,790.3939409750005,2.395056585902574,1,2008-06-01 00:00:00.000
309,3619,1,896,831.1357276352845,1.8932061622951168,1,2008-06-01 00:00:00.000
436,5781,5,384,908.1832354275444,5.077634746080672,1,2008-06-01 00:00:00.000
603,8384,3,687,122.20516585953628,1.9356974512272507,1,2008-06-01 00:00:00.000
268,1205,7,479,927.8900142637548,7.49382424419534,1,2008-06-01 00:00:00.000
321,7324,4,427,416.4040256087658,6.708139109437714,1,2008-06-01 00:00:00.000
818,10735,1,801,144.99022043937927,2.6257392688004644,1,2008-06-01 00:00:00.000
818,2905,8,669,37.64990289263054,6.15659113741914,1,2008-06-01 00:00:00.000
411,10920,3,327,669.1885687048359,3.330673553097495,1,2008-06-01 00:00:00.000
42,1257,3,879,810.1699314231771,1.5203533375104872,1,2008-06-01 00:00:00.000
31,10684,0,651,714.0327974786915,4.676592131468342,1,2008-06-01 00:00:00.000
752,10165,3,327,903.5779770276947,8.895775225437742,1,2008-06-01 00:00:00.000
893,1640,8,209,970.0318693752954,0.6818148638821286,1,2008-06-01 00:00:00.000
465,9369,7,896,683.5157114321017,8.019533652722078,1,2008-06-01 00:00:00.000
0,2121,8,617,871.0821832642578,8.097744822402577,1,2008-06-01 00:00:00.000
354,4995,5,721,506.8775657256152,9.325274658837113,1,2008-06-01 00:00:00.000
546,7549,4,766,92.82108715101126,0.6254544192888645,1,2008-06-01 00:00:00.000
788,10226,6,778,171.5962272279639,9.173214446233121,1,2008-06-01 00:00:00.000
422,3641,2,677,927.3737604215951,2.396385415129788,1,2008-06-01 00:00:00.000
750,4267,5,269,760.4522274130009,9.685501923766275,1,2008-06-01 00:00:00.000
147,7504,8,393,190.83749393455417,9.674382036912291,1,2008-06-01 00:00:00.000
242,1329,1,803,866.3896276469069,5.840844560316566,1,2008-06-01 00:00:00.000
403,4948,5,509,2.7569241112107905,4.550719275777244,1,2008-06-01 00:00:00.000
817,10716,5,22,623.3701415004584,8.390105231610232,1,2008-06-01 00:00:00.000
855,10243,2,146,285.7831755389033,3.905753490767231,1,2008-06-01 00:00:00.000
679,8109,5,402,669.8785104868857,6.750279153610315,1,2008-06-01 00:00:00.000
202,7235,9,412,929.6828572250946,1.100261289349066,1,2008-06-01 00:00:00.000
235,6874,1,580,50.80465833609907,1.3174631337902099,1,2008-06-01 00:00:00.000
403,7977,4,589,484.86476623789196,6.7365020613220725,1,2008-06-01 00:00:00.000
724,6628,1,545,174.57146474013604,9.610135429252502,1,2008-06-01 00:00:00.000
667,7100,5,398,826.6270429894769,8.393476179966603,1,2008-06-01 00:00:00.000
489,4399,0,595,297.05192027303434,5.312261706081839,1,2008-06-01 00:00:00.000
260,6786,6,864,575.3922240898222,7.492818082881094,1,2008-06-01 00:00:00.000
536,1481,7,911,525.0254288818401,3.63145180915156,1,2008-06-01 00:00:00.000
261,8631,7,361,54.29517342967356,4.391205623568732,1,2008-06-01 00:00:00.000
482,6573,9,70,130.66045534810982,0.42059271223695904,1,2008-06-01 00:00:00.000
291,4692,1,489,360.6158756493188,0.4221311821244178,1,2008-06-01 00:00:00.000
500,2951,6,700,935.7788430043199,6.23208376739687,1,2008-06-01 00:00:00.000
782,10825,5,464,579.7092848644298,7.924318206611679,1,2008-06-01 00:00:00.000
699,4238,6,943,757.4578571983254,9.882009107785157,1,2008-06-01 00:00:00.000
636,10821,5,688,359.27378638951154,6.296038581540667,1,2008-06-01 00:00:00.000
416,9924,4,153,294.8556656252093,9.197278662776974,1,2008-06-01 00:00:00.000
158,9975,8,159,987.0222801958768,3.804021152781546,1,2008-06-01 00:00:00.000
101,7946,0,652,529.0098471980791,9.40197726237625,1,2008-06-01 00:00:00.000
820,1563,4,264,742.0726482339643,1.2526096167068446,1,2008-06-01 00:00:00.000
962,7598,2,148,538.7506721036048,2.069863602975021,1,2008-06-01 00:00:00.000
928,9179,1,481,618.6581678522185,4.6832702437881855,1,2008-06-01 00:00:00.000
196,1603,2,641,723.796735682996,9.728160398894632,1,2008-06-01 00:00:00.000
333,2091,7,292,624.0745010299943,0.02651006466788841,1,2008-06-01 00:00:00.000
534,1491,6,440,743.555964073177,3.0434856256703826,1,2008-06-01 00:00:00.000
298,9623,2,532,605.1259464122389,3.0677166327361673,1,2008-06-01 00:00:00.000
953,5360,1,48,981.1425708003446,9.053973894305411,1,2008-06-01 00:00:00.000
174,4189,6,172,81.71206999064599,3.215380828212979,1,2008-06-01 00:00:00.000
722,1798,5,396,97.63902495181388,0.13234068780768493,1,2008-06-01 00:00:00.000
864,10782,1,292,780.6046508469924,9.374626007566006,1,2008-06-01 00:00:00.000
506,8054,8,9,180.68202906745788,4.272848356073573,1,2008-06-01 00:00:00.000
117,3744,7,808,519.9054453091138,0.7309074952494976,1,2008-06-01 00:00:00.000
36,4601,6,305,199.0322732661637,7.89082977968674,1,2008-06-01 00:00:00.000
409,9186,1,167,722.1471693531769,4.438210665706553,1,2008-06-01 00:00:00.000
823,1947,3,314,827.9003138487675,2.6066376173432126,1,2008-06-01 00:00:00.000
679,3821,6,941,263.50252125951016,6.0830223961232734,1,2008-06-01 00:00:00.000
629,8956,8,618,367.44442652126367,7.4565791766752465,1,2008-06-01 00:00:00.000
361,7904,8,929,413.1006667681471,7.359807647751722,1,2008-06-01 00:00:00.000
780,5047,7,373,271.0309744133976,7.63161106649095,1,2008-06-01 00:00:00.000
50,1720,6,918,479.0160921797597,8.645671729278305,1,2008-06-01 00:00:00.000
139,1397,4,695,889.5538432043901,0.1902624746455006,1,2008-06-01 00:00:00.000
812,1394,5,952,277.0909481452535,2.101346397028905,1,2008-06-01 00:00:00.000
321,8787,0,705,276.3472020660016,6.225464399502533,1,2008-06-01 00:00:00.000
462,10899,3,421,818.3802831600703,3.552588856563937,1,2008-06-01 00:00:00.000
903,1852,8,897,394.99382071246384,7.685661794466018,1,2008-06-01 00:00:00.000
195,2860,6,877,578.6689036477956,8.720536336157409,1,2008-06-01 00:00:00.000
630,1334,9,413,804.6313745933132,5.458790669478328,1,2008-06-01 00:00:00.000
781,1192,7,938,390.19855039418803,1.3715096913439673,1,2008-06-01 00:00:00.000
141,7532,4,135,783.1902326429214,3.423406025166705,1,2008-06-01 00:00:00.000
6,3781,8,140,436.46616737576494,7.646218796039744,1,2008-06-01 00:00:00.000
521,9285,0,372,25.358204554588163,0.9544452001760806,1,2008-06-01 00:00:00.000
266,3168,0,998,932.7066510004978,2.2052674809195483,1,2008-06-01 00:00:00.000
890,3780,8,174,403.9615651118112,3.8418223735214285,1,2008-06-01 00:00:00.000
187,7736,5,983,940.4580791817575,7.892315849052489,1,2008-06-01 00:00:00.000
448,3064,5,77,876.8765975992552,0.7382434811817951,1,2008-06-01 00:00:00.000
780,5095,4,445,321.4223781255083,1.3682062591816313,1,2008-06-01 00:00:00.000
779,3421,7,338,400.54135593939844,9.098341697369793,1,2008-06-01 00:00:00.000
38,3199,0,883,131.68126816847962,2.608815340978939,1,2008-06-01 00:00:00.000
847,3736,2,384,754.6254498067469,1.1044317955990401,1,2008-06-01 00:00:00.000
949,3350,3,289,758.2054685799111,6.286346918243546,1,2008-06-01 00:00:00.000
915,8641,3,400,422.43352062544636,6.294890239637496,1,2008-06-01 00:00:00.000
788,2432,2,513,819.5037757322367,7.868230261385704,1,2008-06-01 00:00:00.000
724,1573,7,591,100.1683785848756,3.519362470784343,1,2008-06-01 00:00:00.000
979,9710,8,904,294.19982864686386,6.769748676742346,1,2008-06-01 00:00:00.000
471,1911,6,784,125.26042753498831,0.4407111461035218,1,2008-06-01 00:00:00.000
186,6137,4,676,513.2951931505609,3.0859683942241944,1,2008-06-01 00:00:00.000
686,9090,2,591,978.582697996154,4.086817302815064,1,2008-06-01 00:00:00.000
172,1404,5,599,524.881061054276,3.30549743486791,1,2008-06-01 00:00:00.000
763,4972,1,409,147.51397547972647,0.9260477133212586,1,2008-06-01 00:00:00.000
731,6016,9,841,927.0946050451552,3.9730516549578896,1,2008-06-01 00:00:00.000
841,3871,6,47,947.487700036601,9.59841275885098,1,2008-06-01 00:00:00.000
353,2330,6,837,608.1816546015184,0.5197637193026405,1,2008-06-01 00:00:00.000
897,7423,1,748,499.8699306017647,3.7801300361082846,1,2008-06-01 00:00:00.000
437,9871,6,187,839.6238807064808,1.4196202364324273,1,2008-06-01 00:00:00.000
250,8918,9,813,757.7475006345159,6.692526410256622,1,2008-06-01 00:00:00.000
732,6339,4,648,953.416826875465,5.457364613857161,1,2008-06-01 00:00:00.000
264,8923,8,980,546.475500348999,2.486900204761555,1,2008-06-01 00:00:00.000
213,6416,3,306,277.74402273673564,2.2076617893532804,1,2008-06-01 00:00:00.000
867,10830,4,69,719.6334895643756,3.145180212302361,1,2008-06-01 00:00:00.000
917,5983,7,986,218.48326989933702,2.8272673870958585,1,2008-06-01 00:00:00.000
469,1526,6,282,12.370513095824927,2.631913921616639,1,2008-06-01 00:00:00.000
268,9432,2,984,285.20221175823855,9.951400834093887,1,2008-06-01 00:00:00.000
162,8564,2,864,777.9816207139489,2.816321051886763,1,2008-06-01 00:00:00.000
105,2613,0,74,471.55400500002827,1.8624749496847615,1,2008-06-01 00:00:00.000
494,1187,4,624,700.9520100064921,8.153857784927048,1,2008-06-01 00:00:00.000
140,3419,8,685,770.2673682909214,7.163786469030614,1,2008-06-01 00:00:00.000
828,8059,4,68,608.6295744566463,8.274931869418236,1,2008-06-01 00:00:00.000
662,6245,9,16,658.2413660003527,1.942726158889766,1,2008-06-01 00:00:00.000
144,9952,9,664,863.1429079768385,9.474116607909458,1,2008-06-01 00:00:00.000
224,5393,6,662,174.60143140126914,1.847517818958343,1,2008-06-01 00:00:00.000
300,10497,6,905,294.16919975919706,7.626415936966836,1,2008-06-01 00:00:00.000
637,6085,0,193,722.9512649199827,6.6284538596725735,1,2008-06-01 00:00:00.000
94,2860,7,558,383.67445837730594,6.277831138517915,1,2008-06-01 00:00:00.000
924,9987,1,836,955.464644143603,4.509041190963758,1,2008-06-01 00:00:00.000
976,4477,7,574,388.7991710159778,4.565687524318477,1,2008-06-01 00:00:00.000
898,5101,8,228,21.901153777407718,8.25443226420203,1,2008-06-01 00:00:00.000
106,6071,6,797,234.64278083333235,0.21988181439156707,1,2008-06-01 00:00:00.000
802,7478,8,854,148.10196352161583,3.9939597969204357,1,2008-06-01 00:00:00.000
363,4859,5,633,431.8130216167939,3.1794084803043487,1,2008-06-01 00:00:00.000
933,4557,0,542,888.0244273045331,7.731556931757218,1,2008-06-01 00:00:00.000
192,5263,2,404,875.2497996595607,5.329237651940285,1,2008-06-01 00:00:00.000
329,6915,6,966,468.90856493646385,3.0422906805350367,1,2008-06-01 00:00:00.000
541,3583,9,150,214.00782418029056,1.5208073137990596,1,2008-06-01 00:00:00.000
540,6895,1,791,485.73389601701973,6.705190515461982,1,2008-06-01 00:00:00.000
821,5797,5,70,530.3885123568457,6.385106127530127,1,2008-06-01 00:00:00.000
135,8987,3,643,746.7218937901761,6.962010229649388,1,2008-06-01 00:00:00.000
678,10201,9,798,359.0486869029222,0.480520078242902,1,2008-06-01 00:00:00.000
904,7870,7,685,297.2669181462516,1.718513290996253,1,2008-06-01 00:00:00.000
449,8696,4,89,524.482776369027,8.038322330169185,1,2008-06-01 00:00:00.000
856,5779,2,59,643.3381523362525,1.3193200060012888,1,2008-06-01 00:00:00.000
472,2423,7,393,30.573971242289495,6.9768877814365915,1,2008-06-01 00:00:00.000
812,1336,9,1,894.0850059542838,2.529317370670908,1,2008-06-01 00:00:00.000
942,8946,8,166,121.742012425644,9.951415702347317,1,2008-06-01 00:00:00.000
968,7052,1,871,928.1006372305674,7.0440764338172155,1,2008-06-01 00:00:00.000
755,9430,0,558,814.5767799843998,2.989150444027752,1,2008-06-01 00:00:00.000
0,2577,7,786,845.5504726082685,9.228680116238701,1,2008-06-01 00:00:00.000
710,5147,4,444,536.7406310679289,5.730789742703898,1,2008-06-01 00:00:00.000
203,5230,1,933,801.1577786587923,3.848818091096521,1,2008-06-01 00:00:00.000
664,3249,5,510,102.3475390392336,4.4569734970129735,1,2008-06-01 00:00:00.000
873,8585,5,49,884.852644853639,5.309953940194397,1,2008-06-01 00:00:00.000
583,2042,1,340,66.98254346860148,5.92445425377578,1,2008-06-01 00:00:00.000
452,3698,5,837,3.738348595369189,5.3598287060364544,1,2008-06-01 00:00:00.000
68,5935,1,157,506.01299127714066,6.569744630017959,1,2008-06-01 00:00:00.000
113,6187,6,457,715.9065426034026,6.336512702802471,1,2008-06-01 00:00:00.000
774,9937,1,25,510.8609427424341,7.858747818179593,1,2008-06-01 00:00:00.000
249,5595,4,459,716.5417411721595,1.8586747433582396,1,2008-06-01 00:00:00.000
185,2871,8,982,150.4566713737376,4.469079090359561,1,2008-06-01 00:00:00.000
880,1408,9,816,70.69660278472978,6.356689286902276,1,2008-06-01 00:00:00.000
456,7557,1,646,329.173352144742,7.587484498545134,1,2008-06-01 00:00:00.000
220,2736,3,889,501.0906364060644,9.032653373303507,1,2008-06-01 00:00:00.000
581,4915,7,441,863.1562023052238,0.8879713211348172,1,2008-06-01 00:00:00.000
663,5980,1,373,891.2879243017816,6.7143435891535574,1,2008-06-01 00:00:00.000
777,7322,0,626,208.10228266049393,1.7269671384197194,1,2008-06-01 00:00:00.000
111,6802,6,410,755.644166114518,3.6325893355323267,1,2008-06-01 00:00:00.000
970,4711,0,807,604.2222517247544,4.750026095463392,1,2008-06-01 00:00:00.000
964,9395,0,189,767.477946396813,4.403498117475445,1,2008-06-01 00:00:00.000
373,4615,1,624,977.3214293930297,9.45030163198931,1,2008-06-01 00:00:00.000
277,7473,4,420,462.01872207615475,9.436418055314055,1,2008-06-01 00:00:00.000
512,4902,5,712,664.674615394998,7.252215454284609,1,2008-06-01 00:00:00.000
358,7388,0,156,977.8110595978828,9.615477229592129,1,2008-06-01 00:00:00.000
679,5027,4,11,60.63787578829048,7.414449398935669,1,2008-06-01 00:00:00.000
737,4622,3,460,194.41454759494297,9.416992108631911,1,2008-06-01 00:00:00.000
528,8546,1,825,468.74042221324925,4.454589314923253,1,2008-06-01 00:00:00.000
644,10261,2,385,783.4288605706997,4.626990704211238,1,2008-06-01 00:00:00.000
606,6121,6,939,878.3301383428577,2.8934590632920685,1,2008-06-01 00:00:00.000
185,4243,3,742,652.0952748544789,2.5125490641447614,1,2008-06-01 00:00:00.000
833,4484,6,397,18.709652608411815,7.900382705064074,1,2008-06-01 00:00:00.000
116,6948,6,32,822.9786914824036,8.677594774021685,1,2008-06-01 00:00:00.000
381,2737,8,346,919.0923496397161,2.8913098787510725,1,2008-06-01 00:00:00.000
558,10240,4,830,207.51864598142012,5.898278022144457,1,2008-06-01 00:00:00.000
112,2955,3,625,300.63315092447436,7.289957845656186,1,2008-06-01 00:00:00.000
155,3203,2,810,744.5531082066424,5.98497347270539,1,2008-06-01 00:00:00.000
619,7349,6,488,373.24488127722634,9.507807973792664,1,2008-06-01 00:00:00.000
51,6753,8,377,207.26545367154296,6.1574216118534855,1,2008-06-01 00:00:00.000
12,9213,2,65,210.89815237780167,1.7320142771267022,1,2008-06-01 00:00:00.000
684,4829,9,748,436.3830147384327,6.546472456574145,1,2008-06-01 00:00:00.000
937,9524,8,839,541.621250504296,4.3309723549288375,1,2008-06-01 00:00:00.000
685,8134,9,76,39.8648871954945,5.250352778858031,1,2008-06-01 00:00:00.000
902,5445,1,538,801.4667210536367,8.595508605186094,1,2008-06-01 00:00:00.000
208,9335,7,928,481.75692206991636,1.875325396311226,1,2008-06-01 00:00:00.000
654,10970,9,450,445.29172377417916,7.1293470475671405,1,2008-06-01 00:00:00.000
811,6258,1,217,198.3635801472728,9.680062155445773,1,2008-06-01 00:00:00.000
482,3719,6,270,918.3121120860048,1.4857186252265286,1,2008-06-01 00:00:00.000
424,1924,1,276,710.3892996325299,0.3200124755037981,1,2008-06-01 00:00:00.000
399,5231,4,93,311.03367688066675,6.617676983341525,1,2008-06-01 00:00:00.000
163,7286,0,516,846.2362108116555,3.752493035963486,1,2008-06-01 00:00:00.000
656,5292,2,206,525.3381642043448,1.3678913899389111,1,2008-06-01 00:00:00.000
682,4200,5,649,963.2103361372275,9.115183417347716,1,2008-06-01 00:00:00.000
684,3527,5,805,877.2088792658087,3.569387068151051,1,2008-06-01 00:00:00.000
327,2551,3,100,627.9852566819404,0.33016429481794063,1,2008-06-01 00:00:00.000
373,4007,4,725,283.8168772105294,7.3619110967369625,1,2008-06-01 00:00:00.000
762,6516,7,764,445.3000258163681,2.8125870349023465,1,2008-06-01 00:00:00.000
750,10783,2,652,701.4578440373567,9.049299134028356,1,2008-06-01 00:00:00.000
770,10703,6,816,715.5274488358901,4.97751610856683,1,2008-06-01 00:00:00.000
363,4067,7,234,193.1296601692288,6.231426285108277,1,2008-06-01 00:00:00.000
727,7333,6,741,283.4390532046341,0.24044278101507555,1,2008-06-01 00:00:00.000
233,8351,9,804,894.3713740694212,3.0400265816074845,1,2008-06-01 00:00:00.000
766,10770,2,267,350.2149073008717,1.8964160630083604,1,2008-06-01 00:00:00.000
950,4967,1,312,348.34683175427097,2.090869612777466,1,2008-06-01 00:00:00.000
840,5513,6,279,168.4993701332035,4.639692642508627,1,2008-06-01 00:00:00.000
479,2465,5,275,979.0496020302611,1.235482682911675,1,2008-06-01 00:00:00.000
871,8269,3,207,360.08809374393405,2.5502649025588022,1,2008-06-01 00:00:00.000
375,8850,1,430,126.93101483968081,0.35381484170195376,1,2008-06-01 00:00:00.000
806,3919,6,761,192.64673711003408,4.125569078268265,1,2008-06-01 00:00:00.000
552,9934,9,896,795.208468632449,0.27494063759716525,1,2008-06-01 00:00:00.000
797,9037,3,224,412.70883801362686,0.3751389812859973,1,2008-06-01 00:00:00.000
316,8060,7,413,358.5993863776843,2.446100353977805,1,2008-06-01 00:00:00.000
815,5253,2,799,260.0783088387275,2.122919506490396,1,2008-06-01 00:00:00.000
246,5127,3,392,639.2439443924609,4.191083811065205,1,2008-06-01 00:00:00.000
820,7908,8,847,988.6705674261691,7.476404128033952,1,2008-06-01 00:00:00.000
534,3162,7,124,295.12992596264667,0.3071628601006726,1,2008-06-01 00:00:00.000
154,3497,3,3,688.7676923545674,9.923721923142551,1,2008-06-01 00:00:00.000
665,4731,1,613,73.4141252731829,7.345481490863537,1,2008-06-01 00:00:00.000
81,1905,7,484,331.6337348132241,1.7092428278839,1,2008-06-01 00:00:00.000
836,4215,2,95,427.6468250877429,2.203017101664381,1,2008-06-01 00:00:00.000
356,6879,0,995,877.4400737267465,6.015231486344,1,2008-06-01 00:00:00.000
174,9347,3,294,83.04941073569515,1.6249295583649903,1,2008-06-01 00:00:00.000
413,10071,3,840,856.4839984822995,5.041528910846318,1,2008-06-01 00:00:00.000
782,10561,4,59,470.6703716853194,3.874315897716464,1,2008-06-01 00:00:00.000
168,10752,9,964,154.75023629126414,9.32719331926922,1,2008-06-01 00:00:00.000
777,3419,4,914,523.450589405493,8.172092827754758,1,2008-06-01 00:00:00.000
559,4627,5,724,785.9606663035759,6.5974887443028605,1,2008-06-01 00:00:00.000
815,6907,9,599,63.966122130633835,1.5429337129279808,1,2008-06-01 00:00:00.000
800,1287,0,263,182.38611846542454,6.04656054671966,1,2008-06-01 00:00:00.000
246,7531,8,505,32.88561400051794,6.423886437657279,1,2008-06-01 00:00:00.000
895,10545,1,388,981.8533813325956,6.280586323842336,1,2008-06-01 00:00:00.000
766,5967,8,382,2.978920923223771,5.800506383163389,1,2008-06-01 00:00:00.000
224,3373,3,839,541.5703396225255,2.148155574680779,1,2008-06-01 00:00:00.000
537,9597,3,485,842.8446153303481,5.731035059091003,1,2008-06-01 00:00:00.000
50,3257,6,813,243.61443464940615,7.374068204271649,1,2008-06-01 00:00:00.000
896,10447,0,688,60.38666210001935,7.90236727088136,1,2008-06-01 00:00:00.000
501,8639,6,537,361.1826174734736,6.289710573271774,1,2008-06-01 00:00:00.000
321,3962,3,878,187.46360207306847,7.332243952320728,1,2008-06-01 00:00:00.000
15,6579,9,585,548.9843329964744,9.017609465241954,1,2008-06-01 00:00:00.000
922,9651,4,206,700.0589432223021,2.49031554069035,1,2008-06-01 00:00:00.000
410,1974,6,521,114.47570639843254,0.21972494888759408,1,2008-06-01 00:00:00.000
677,9935,4,491,213.7769990327042,6.956424585103509,1,2008-06-01 00:00:00.000
640,5557,1,258,4.978609789502569,1.9584927044632006,1,2008-06-01 00:00:00.000
710,8453,9,305,250.45604933911466,3.267655709902759,1,2008-06-01 00:00:00.000
836,7455,1,374,958.1072517130053,6.3465782246322044,1,2008-06-01 00:00:00.000
263,3795,7,892,612.2091654154046,0.8264080253339201,1,2008-06-01 00:00:00.000
627,1334,1,372,478.3331423700883,3.4757637116389284,1,2008-06-01 00:00:00.000
556,8946,1,251,333.25291907951197,0.6499452819985485,1,2008-06-01 00:00:00.000
700,7093,6,633,235.9605837979487,4.617335295278858,1,2008-06-01 00:00:00.000
509,10762,6,294,374.4648895215319,0.3375847227653894,1,2008-06-01 00:00:00.000
379,7730,1,522,181.2558673136696,9.875796039611917,1,2008-06-01 00:00:00.000
261,7519,3,78,624.723835444592,2.9148864140924835,1,2008-06-01 00:00:00.000
403,8264,4,797,1.976735429972317,3.3546812092576337,1,2008-06-01 00:00:00.000
675,5996,3,654,370.72930656017195,3.184909480748812,1,2008-06-01 00:00:00.000
356,1648,0,118,679.0824767162909,7.457705369137706,1,2008-06-01 00:00:00.000
408,2634,8,80,241.17257532612402,4.8748035672165235,1,2008-06-01 00:00:00.000
41,8261,7,75,710.9707285720073,1.2004244555627464,1,2008-06-01 00:00:00.000
780,6105,3,620,685.8370796774922,1.2117083700200049,1,2008-06-01 00:00:00.000
773,1976,4,757,94.18377142285466,5.347049683572717,1,2008-06-01 00:00:00.000
547,1089,1,148,312.44320208796165,0.59513794961089,1,2008-06-01 00:00:00.000
883,6834,3,417,428.15449583493,9.81400300235348,1,2008-06-01 00:00:00.000
762,5225,1,114,889.8213876661542,7.753723628762406,1,2008-06-01 00:00:00.000
797,4128,5,353,474.2223657673512,6.096253542190767,1,2008-06-01 00:00:00.000
206,3035,5,400,559.2971060832724,9.18240316052692,1,2008-06-01 00:00:00.000
866,10136,5,587,177.83910326949416,9.47443526889088,1,2008-06-01 00:00:00.000
396,2167,2,690,679.0023435964321,9.751836057691394,1,2008-06-01 00:00:00.000
582,9864,0,417,599.6062039369571,2.450191350827635,1,2008-06-01 00:00:00.000
919,8513,1,835,922.1905917112978,5.165034409357185,1,2008-06-01 00:00:00.000
87,1969,9,323,317.5391383901677,2.234148265927315,1,2008-06-01 00:00:00.000
789,7667,5,977,571.5255888007601,2.4069020719737146,1,2008-06-01 00:00:00.000
782,4557,4,153,699.7368876988251,1.1753732084796686,1,2008-06-01 00:00:00.000
708,10796,3,963,557.739293211506,7.490571619776643,1,2008-06-01 00:00:00.000
549,10715,5,840,46.45177378389607,9.77312620377812,1,2008-06-01 00:00:00.000
512,3262,1,802,593.0106790092273,6.650142162013584,1,2008-06-01 00:00:00.000
415,6527,3,271,842.4001044094691,7.35116323666711,1,2008-06-01 00:00:00.000
685,4308,5,635,754.9033679717427,3.662612444494794,1,2008-06-01 00:00:00.000
668,2879,8,235,419.0331096959407,5.601810834616952,1,2008-06-01 00:00:00.000
669,5808,9,838,132.71995496583182,2.20251799942474,1,2008-06-01 00:00:00.000
181,5624,6,655,984.3960880573933,5.021473150624274,1,2008-06-01 00:00:00.000
735,7373,4,534,590.6796676738107,8.040974084692303,1,2008-06-01 00:00:00.000
261,6608,3,535,495.14458134162305,3.7611967537182887,1,2008-06-01 00:00:00.000
477,4180,8,871,402.4075217661456,1.4965376969348554,1,2008-06-01 00:00:00.000
627,10675,4,312,931.2576776546804,2.605366418051056,1,2008-06-01 00:00:00.000
440,2609,2,42,368.8353645153154,5.828499716224628,1,2008-06-01 00:00:00.000
28,1115,2,440,483.9920268929919,8.668554937845428,1,2008-06-01 00:00:00.000
149,7153,3,7,190.7588282816888,2.2339235528151393,1,2008-06-01 00:00:00.000
765,7973,3,228,701.6535112422988,3.965012560738286,1,2008-06-01 00:00:00.000
687,10195,6,448,162.96852573385377,6.767948938206773,1,2008-06-01 00:00:00.000
774,10385,2,34,14.830030697256822,3.2572243927461706,1,2008-06-01 00:00:00.000
149,4011,1,431,831.080969601378,8.852583353203455,1,2008-06-01 00:00:00.000
20,5431,1,58,43.82422499317379,8.529425082156228,1,2008-06-01 00:00:00.000
646,1819,9,712,15.930552817057889,5.07240737550945,1,2008-06-01 00:00:00.000
870,2079,1,981,896.1543237542536,5.058908242692592,1,2008-06-01 00:00:00.000
124,1893,9,548,585.6538093694545,5.676319488408002,1,2008-06-01 00:00:00.000
623,9571,3,782,97.1491435758704,6.372424736987136,1,2008-06-01 00:00:00.000
49,5551,9,251,605.3959860676983,4.61265567034461,1,2008-06-01 00:00:00.000
676,5004,4,1,997.854729476574,2.376913165451594,1,2008-06-01 00:00:00.000
70,6404,6,589,857.9019481895691,7.0207155409495625,1,2008-06-01 00:00:00.000
836,4984,9,746,451.6912196159851,6.643264084382748,1,2008-06-01 00:00:00.000
946,4450,0,456,438.1144643741474,0.8849333669996895,1,2008-06-01 00:00:00.000
960,1102,2,629,106.55150374779919,5.198767388035552,1,2008-06-01 00:00:00.000
550,4516,6,34,939.2980592328378,2.02863720913255,1,2008-06-01 00:00:00.000
611,8404,9,727,93.31784983756427,0.2483496020037934,1,2008-06-01 00:00:00.000
390,4142,3,917,870.1300952321207,3.782535615218551,1,2008-06-01 00:00:00.000
521,10287,9,567,892.0874456555142,7.996657115195252,1,2008-06-01 00:00:00.000
6,1279,3,436,205.65732693747609,4.508784616199683,1,2008-06-01 00:00:00.000
563,2068,7,929,981.7450949846142,0.1824999103256164,1,2008-06-01 00:00:00.000
713,7164,3,558,530.0037319653443,7.694680356956787,1,2008-06-01 00:00:00.000
540,9095,6,118,360.8987693340158,4.064116680510207,1,2008-06-01 00:00:00.000
487,4365,3,488,953.2334131771368,0.5507339864476046,1,2008-06-01 00:00:00.000
379,3480,4,73,271.60328093213343,5.408180035051472,1,2008-06-01 00:00:00.000
345,4349,7,153,931.8226614349376,7.956084294538451,1,2008-06-01 00:00:00.000
395,6490,6,514,388.7372695991228,3.5374134096256493,1,2008-06-01 00:00:00.000
349,2978,4,419,319.7760366126664,9.189906706933726,1,2008-06-01 00:00:00.000
31,1254,5,954,393.3712475771796,6.681142732031202,1,2008-06-01 00:00:00.000
343,6006,6,936,359.5335787847873,5.170683442296713,1,2008-06-01 00:00:00.000
927,2768,0,147,240.96613914394564,9.750058685695196,1,2008-06-01 00:00:00.000
735,10134,4,58,944.4603588673782,3.895900552401985,1,2008-06-01 00:00:00.000
421,9164,8,169,526.7772303625343,5.220921645404221,1,2008-06-01 00:00:00.000
85,8192,7,279,306.88337484209563,1.4329376773125857,1,2008-06-01 00:00:00.000
423,9925,5,977,172.40269196164,1.0688903043977893,1,2008-06-01 00:00:00.000
884,9865,0,167,340.34813670734485,5.157626530981614,1,2008-06-01 00:00:00.000
314,3067,0,845,182.01375267042505,7.6246106761258154,1,2008-06-01 00:00:00.000
782,1833,7,629,56.00330755204466,4.970153526712311,1,2008-06-01 00:00:00.000
788,4416,6,662,493.4300604819285,7.860157087047282,1,2008-06-01 00:00:00.000
601,3325,4,869,121.79121346643952,6.938680391339562,1,2008-06-01 00:00:00.000
697,7829,5,602,898.864476723221,2.9223638262770146,1,2008-06-01 00:00:00.000
780,4976,2,201,182.42161152799224,2.229269002980087,1,2008-06-01 00:00:00.000
683,5667,7,169,718.8508308053441,6.734046592332332,1,2008-06-01 00:00:00.000
417,10375,3,273,554.9368995254788,2.2763942604974243,1,2008-06-01 00:00:00.000
931,3923,8,79,315.5903688991691,0.1730596565776299,1,2008-06-01 00:00:00.000
794,10939,0,113,60.0395737476514,8.93152973285774,1,2008-06-01 00:00:00.000
586,6283,6,898,668.7053906193337,6.716093228198471,1,2008-06-01 00:00:00.000
271,5628,2,615,95.24609048100518,5.798001699824452,1,2008-06-01 00:00:00.000
299,5826,9,727,82.1730898844376,7.498562759857594,1,2008-06-01 00:00:00.000
547,7642,9,950,663.3563750999567,4.118500712828659,1,2008-06-01 00:00:00.000
63,2316,3,617,645.0272024240398,4.493902910544248,1,2008-06-01 00:00:00.000
764,10497,3,539,844.6837249149729,3.427353229261436,1,2008-06-01 00:00:00.000
853,6885,6,750,391.2630772164867,5.955021396017155,1,2008-06-01 00:00:00.000
465,5876,0,956,237.9778672325429,3.7128476306233615,1,2008-06-01 00:00:00.000
707,4495,9,692,56.258096706492765,8.387633432888455,1,2008-06-01 00:00:00.000
294,5269,0,324,131.99193171116627,2.055623281385052,1,2008-06-01 00:00:00.000
657,7777,8,344,103.93016365185754,4.139639130154911,1,2008-06-01 00:00:00.000
384,6809,8,325,630.1941899186442,2.617326199785359,1,2008-06-01 00:00:00.000
529,3844,7,435,104.79605820058165,3.192666917197744,1,2008-06-01 00:00:00.000
617,7715,0,167,617.2062205857419,4.449441835571336,1,2008-06-01 00:00:00.000
802,8238,7,641,718.0641319252345,1.9313571607026692,1,2008-06-01 00:00:00.000
445,1469,1,306,358.1618524242754,6.875417395542391,1,2008-06-01 00:00:00.000
759,7550,3,568,418.89808629556194,0.5429110513400759,1,2008-06-01 00:00:00.000
683,7285,4,856,642.3244182254152,7.169891470350487,1,2008-06-01 00:00:00.000
817,4186,3,22,689.0231312073003,4.263885998809949,1,2008-06-01 00:00:00.000
599,7512,4,91,706.9748640399094,9.91704562341138,1,2008-06-01 00:00:00.000
335,3505,5,93,738.9110418751433,1.943170028207446,1,2008-06-01 00:00:00.000
751,6383,9,420,725.7890833003131,1.7758062879613112,1,2008-06-01 00:00:00.000
355,4892,5,672,827.8774674751871,8.329522366253233,1,2008-06-01 00:00:00.000
434,1024,1,694,430.6606340182024,9.412816442183493,1,2008-06-01 00:00:00.000
552,4403,7,90,36.55274159532358,4.119018241188831,1,2008-06-01 00:00:00.000
134,2761,1,600,410.1929464392827,2.084809351378163,1,2008-06-01 00:00:00.000
250,7370,5,568,793.3464028209762,0.11219094168832267,1,2008-06-01 00:00:00.000
221,3636,0,285,847.8853228426732,3.760213927455683,1,2008-06-01 00:00:00.000
639,4812,3,224,680.7164426200405,8.832617278507806,1,2008-06-01 00:00:00.000
114,9556,1,231,881.3680712190269,2.7655273974987047,1,2008-06-01 00:00:00.000
351,7592,6,261,909.2757066490773,8.648145108887306,1,2008-06-01 00:00:00.000
398,7737,8,698,410.904119445597,9.725192434709973,1,2008-06-01 00:00:00.000
243,7095,4,985,538.0208820621199,1.812912772878621,1,2008-06-01 00:00:00.000
839,1994,4,870,55.76851299188921,7.034419839294359,1,2008-06-01 00:00:00.000
721,10716,3,140,812.2535863448093,8.912769242504945,1,2008-06-01 00:00:00.000
899,5043,6,85,35.04141658208942,5.262601283484903,1,2008-06-01 00:00:00.000
66,4595,4,943,102.07888761538078,7.948648743268771,1,2008-06-01 00:00:00.000
267,2262,2,270,49.806821776546414,3.730658808955006,1,2008-06-01 00:00:00.000
98,4959,4,63,669.7125691730281,6.731914822370873,1,2008-06-01 00:00:00.000
30,6297,7,910,765.7361877866515,4.038880921436528,1,2008-06-01 00:00:00.000
170,2974,4,540,47.20711811126534,2.392636059727653,1,2008-06-01 00:00:00.000
442,6616,0,522,241.55457540858126,6.542500011544643,1,2008-06-01 00:00:00.000
714,6251,9,501,968.6151341811066,1.616211049207209,1,2008-06-01 00:00:00.000
801,2396,0,773,584.937575334803,0.6804660350953329,1,2008-06-01 00:00:00.000
674,3115,8,193,816.0494369098864,9.725714381702877,1,2008-06-01 00:00:00.000
700,1208,0,976,333.96680537174643,0.658578235473104,1,2008-06-01 00:00:00.000
875,3350,7,619,121.57068819450772,5.916786350587328,1,2008-06-01 00:00:00.000
941,9676,0,757,405.3859405341622,8.271334687657097,1,2008-06-01 00:00:00.000
853,1469,0,755,116.33678202718832,5.8288433812399685,1,2008-06-01 00:00:00.000
577,5663,9,266,116.54095553781949,4.617568853922491,1,2008-06-01 00:00:00.000
891,5533,6,922,375.98143905596487,1.200839289367046,1,2008-06-01 00:00:00.000
979,4679,5,276,580.0645718458508,2.1231402172127822,1,2008-06-01 00:00:00.000
874,6262,8,588,435.75614755506405,9.611761185876691,1,2008-06-01 00:00:00.000
497,5957,6,33,854.0700352713503,7.629650579143728,1,2008-06-01 00:00:00.000
247,7534,0,389,793.5650504785771,5.245494443840062,1,2008-06-01 00:00:00.000
106,6127,5,637,472.8569523334719,6.341364305203197,1,2008-06-01 00:00:00.000
678,10448,1,783,971.6512053352752,4.246648162307752,1,2008-06-01 00:00:00.000
544,10576,7,190,493.9005401390323,5.143207003965787,1,2008-06-01 00:00:00.000
124,8868,3,230,273.35144558558727,5.548382293389553,1,2008-06-01 00:00:00.000
747,4414,7,780,899.1952061989516,2.2109271289396872,1,2008-06-01 00:00:00.000
744,4816,2,312,570.0273079772286,0.05523256002076593,1,2008-06-01 00:00:00.000
875,6523,4,811,107.85492821320659,7.930204800136206,1,2008-06-01 00:00:00.000
661,7192,1,681,874.0017402678398,7.753381137579404,1,2008-06-01 00:00:00.000
23,1369,1,903,504.2343505066775,9.924693678528824,1,2008-06-01 00:00:00.000
741,7140,9,128,556.0835882587027,3.6977766575199134,1,2008-06-01 00:00:00.000
586,4161,9,993,273.7291433348025,2.463688119492189,1,2008-06-01 00:00:00.000
553,7846,8,491,942.0466511022944,9.889956282660812,1,2008-06-01 00:00:00.000
529,5566,2,949,372.83791975331957,7.678312226548157,1,2008-06-01 00:00:00.000
296,5779,6,502,584.2447843526321,0.8123801538555586,1,2008-06-01 00:00:00.000
84,2432,8,270,317.0250403133933,2.860821777668731,1,2008-06-01 00:00:00.000
870,4235,6,979,769.3922622019041,5.824536535094536,1,2008-06-01 00:00:00.000
134,10967,7,165,446.40995409813434,4.654825446421328,1,2008-06-01 00:00:00.000
393,8623,3,114,865.4152602957504,1.7530371383962973,1,2008-06-01 00:00:00.000
281,8485,2,427,596.3281959865382,7.164925523057828,1,2008-06-01 00:00:00.000
222,6187,2,855,796.1906967047447,3.8223631615587337,1,2008-06-01 00:00:00.000
705,9151,9,197,542.3584053351674,6.922486070020263,1,2008-06-01 00:00:00.000
148,10777,6,675,402.9282158555686,2.5748882244390914,1,2008-06-01 00:00:00.000
163,8212,1,804,273.4908345828826,3.2399356215097352,1,2008-06-01 00:00:00.000
630,5943,9,162,596.9233316494095,8.618250833501993,1,2008-06-01 00:00:00.000
972,7917,1,433,40.725405453087035,7.769221529250471,1,2008-06-01 00:00:00.000
934,6894,0,127,99.41241379202418,5.915099932762997,1,2008-06-01 00:00:00.000
545,6730,4,429,242.53052250317668,2.0507280873690927,1,2008-06-01 00:00:00.000
737,3924,9,30,144.29434756785307,7.894697876379877,1,2008-06-01 00:00:00.000
940,1536,2,566,542.2692062407717,6.497179397641366,1,2008-06-01 00:00:00.000
140,6537,2,661,865.5493665683626,8.91781194214669,1,2008-06-01 00:00:00.000
71,10341,1,559,161.90433863429288,8.602747465434884,1,2008-06-01 00:00:00.000
216,8926,1,115,100.28202080566305,6.5657799027107675,1,2008-06-01 00:00:00.000
550,10410,9,588,68.03322734125665,2.200793829866675,1,2008-06-01 00:00:00.000
9,3496,0,126,98.44331795071946,7.851590923972008,1,2008-06-01 00:00:00.000
760,3972,2,489,762.5689892321537,3.3143705025480727,1,2008-06-01 00:00:00.000
503,9892,0,901,131.4458550692749,4.76527122714089,1,2008-06-01 00:00:00.000
508,10434,1,675,587.1872370629297,1.5518111482103758,1,2008-06-01 00:00:00.000
361,2426,9,561,137.07713274295418,1.5678247979053894,1,2008-06-01 00:00:00.000
674,10634,7,698,875.9868191119406,9.09545092307583,1,2008-06-01 00:00:00.000
233,8905,4,243,489.33655083796015,7.937422852742062,1,2008-06-01 00:00:00.000
484,4809,3,688,959.675842841034,2.114708738932951,1,2008-06-01 00:00:00.000
150,8728,3,918,594.0760802690938,8.448497690401334,1,2008-06-01 00:00:00.000
497,1926,2,695,853.9881063070648,1.905475317548484,1,2008-06-01 00:00:00.000
987,7550,1,812,358.60709521834997,9.928843140365608,1,2008-06-01 00:00:00.000
93,3599,0,248,576.9593826465365,5.215949505372707,1,2008-06-01 00:00:00.000
113,10066,1,223,658.7529746770476,3.9917824877578214,1,2008-06-01 00:00:00.000
97,1080,8,127,326.1494356295403,5.064771813863933,1,2008-06-01 00:00:00.000
229,1308,0,369,711.1723355926979,2.4799118129211273,1,2008-06-01 00:00:00.000
359,8803,6,601,272.8825803136693,4.8905041780918115,1,2008-06-01 00:00:00.000
25,10413,6,714,753.1566651190805,8.683887316660089,1,2008-06-01 00:00:00.000
370,2622,9,12,468.09873925775133,0.09220846935559246,1,2008-06-01 00:00:00.000
551,9106,7,966,673.514701858852,7.014169010560987,1,2008-06-01 00:00:00.000
589,5205,9,736,313.4558700049544,1.9290839524192083,1,2008-06-01 00:00:00.000
286,10024,2,740,165.59681042047683,8.305596047692383,1,2008-06-01 00:00:00.000
936,5112,2,176,224.90680722738384,9.34281791223802,1,2008-06-01 00:00:00.000
604,7695,7,539,639.98373089521,7.124114891516649,1,2008-06-01 00:00:00.000
835,9778,3,477,519.0846709105881,4.549517765356837,1,2008-06-01 00:00:00.000
840,7249,1,439,522.8676532754921,1.3219371430972815,1,2008-06-01 00:00:00.000
487,6036,6,241,159.4756401007412,8.218786139301773,1,2008-06-01 00:00:00.000
323,2984,8,490,639.6871548093177,2.6518584398296263,1,2008-06-01 00:00:00.000
389,4934,8,507,829.531822569324,9.715711541300692,1,2008-06-01 00:00:00.000
680,10559,9,466,237.14330432361436,0.5034202737099913,1,2008-06-01 00:00:00.000
841,10342,4,740,872.5836327684684,7.227243413981932,1,2008-06-01 00:00:00.000
329,2997,9,206,696.3210651839153,8.76305134725222,1,2008-06-01 00:00:00.000
983,3361,8,544,871.648141853144,1.627629753513421,1,2008-06-01 00:00:00.000
427,1716,6,325,278.26727347462315,8.427278379108472,1,2008-06-01 00:00:00.000
30,6660,3,214,173.998013760811,6.658294203096396,1,2008-06-01 00:00:00.000
625,9589,6,632,180.03696698100103,5.912547046171155,1,2008-06-01 00:00:00.000
646,4752,5,130,336.6565873986647,6.405734172108436,1,2008-06-01 00:00:00.000
733,3449,5,47,912.9088258236363,9.007151690180342,1,2008-06-01 00:00:00.000
954,7723,8,374,426.81423874036346,9.156724617919007,1,2008-06-01 00:00:00.000
954,8576,9,322,393.1932268745876,9.1002190471957,1,2008-06-01 00:00:00.000
368,7175,5,746,225.52474690427707,4.493316941732549,1,2008-06-01 00:00:00.000
505,7568,2,268,270.8089516265443,9.699651313641626,1,2008-06-01 00:00:00.000
437,4017,9,669,773.9330826080248,7.960821690180381,1,2008-06-01 00:00:00.000
449,10416,1,612,895.5886031395079,7.315380073873749,1,2008-06-01 00:00:00.000
47,8378,1,232,275.71125960917925,4.8001693417122295,1,2008-06-01 00:00:00.000
187,1889,9,977,853.0885500064119,1.5362415054115208,1,2008-06-01 00:00:00.000
717,2170,1,846,154.33501724716612,1.081748387585405,1,2008-06-01 00:00:00.000
430,6111,1,818,304.52569680780005,6.568234881578702,1,2008-06-01 00:00:00.000
364,4784,3,701,120.32089681642888,7.111018528973122,1,2008-06-01 00:00:00.000
615,6884,5,453,377.3413702379555,6.628874581593724,1,2008-06-01 00:00:00.000
702,2126,0,352,303.5624928045151,4.196904005574429,1,2008-06-01 00:00:00.000
489,5455,2,613,566.8016613929157,2.406808923582892,1,2008-06-01 00:00:00.000
551,8458,2,443,991.4539202193067,1.7821733929804917,1,2008-06-01 00:00:00.000
171,5453,7,179,546.9844517001483,5.297820499694934,1,2008-06-01 00:00:00.000
536,9611,1,649,180.56995515605564,7.530714063434548,1,2008-06-01 00:00:00.000
219,7294,5,982,962.4740927677101,0.31778686894751385,1,2008-06-01 00:00:00.000
210,4829,5,502,34.28441856372406,8.249816218852791,1,2008-06-01 00:00:00.000
238,1698,8,752,649.0889263986497,7.470124686302063,1,2008-06-01 00:00:00.000
287,2912,9,812,485.85189740185695,4.496281949191266,1,2008-06-01 00:00:00.000
215,3934,1,414,317.99966723349206,4.909699931495104,1,2008-06-01 00:00:00.000
635,6419,6,920,517.1530563277196,6.37337644501862,1,2008-06-01 00:00:00.000
218,7133,8,86,77.66335202710115,5.497134728238433,1,2008-06-01 00:00:00.000
816,5505,4,964,222.50912786523705,2.371345621822986,1,2008-06-01 00:00:00.000
214,4356,3,225,182.093099538978,1.276899814290633,1,2008-06-01 00:00:00.000
309,10370,6,842,533.7094038679676,7.137425670260882,1,2008-06-01 00:00:00.000
579,5189,0,391,163.11277440983673,8.03953002496115,1,2008-06-01 00:00:00.000
146,8552,7,418,468.6632919306286,7.781970199618366,1,2008-06-01 00:00:00.000
503,3375,5,171,968.404279168501,4.442755621194094,1,2008-06-01 00:00:00.000
515,10037,0,955,964.88879891089,1.7355302710242226,1,2008-06-01 00:00:00.000
707,7443,2,766,933.3457542832186,7.168295838783781,1,2008-06-01 00:00:00.000
856,9782,8,591,809.3800162738025,2.2674192216783338,1,2008-06-01 00:00:00.000
955,6407,4,748,301.8609259212881,5.2805126574977015,1,2008-06-01 00:00:00.000
252,3414,0,978,791.259050257769,0.5595002622888745,1,2008-06-01 00:00:00.000
536,7451,3,380,669.7522074310366,3.3300762132155706,1,2008-06-01 00:00:00.000
367,7785,2,63,100.01046719552295,5.699640105248544,1,2008-06-01 00:00:00.000
322,1973,0,841,58.27491338322632,3.8102489496699334,1,2008-06-01 00:00:00.000
862,3683,3,164,44.02220897725866,6.117469645299938,1,2008-06-01 00:00:00.000
221,10595,2,550,377.024881138452,5.325343694228442,1,2008-06-01 00:00:00.000
105,3247,9,323,495.61196700810314,7.830800699925435,1,2008-06-01 00:00:00.000
651,6603,0,607,864.5592217133019,3.2703687787486024,1,2008-06-01 00:00:00.000
97,9637,4,23,962.7063234688032,6.404248738100372,1,2008-06-01 00:00:00.000
334,10831,1,227,550.5465642237941,4.947825167620393,1,2008-06-01 00:00:00.000
922,1143,1,95,943.8573485389846,0.7423150691248748,1,2008-06-01 00:00:00.000
955,9290,3,758,39.65395862820201,0.8620694299341825,1,2008-06-01 00:00:00.000
505,6274,4,752,175.33254508983381,7.7473841046857315,1,2008-06-01 00:00:00.000
341,7749,8,682,851.816456506221,8.433619437606563,1,2008-06-01 00:00:00.000
281,10413,1,288,554.5935502813381,7.468797113490063,1,2008-06-01 00:00:00.000
492,5125,2,656,215.00843233665427,3.5652188883036584,1,2008-06-01 00:00:00.000
373,8313,9,63,930.5927314672763,8.652363523990902,1,2008-06-01 00:00:00.000
347,9833,5,404,565.137608890302,9.368444742219479,1,2008-06-01 00:00:00.000
36,10148,9,943,540.9593778791007,4.570376962878042,1,2008-06-01 00:00:00.000
290,10280,0,837,159.217380366142,9.924082247818067,1,2008-06-01 00:00:00.000
616,1923,1,377,735.3224452690537,8.67040437124167,1,2008-06-01 00:00:00.000
365,2327,3,495,955.5387036198035,0.20145369329491625,1,2008-06-01 00:00:00.000
863,3800,5,746,669.7227930569738,8.92682031622342,1,2008-06-01 00:00:00.000
775,2982,8,907,520.1587622919826,1.2013350850846216,1,2008-06-01 00:00:00.000
328,2427,4,624,909.3050091320889,8.812262629363978,1,2008-06-01 00:00:00.000
590,10596,1,97,907.6523761638055,2.0140528680494016,1,2008-06-01 00:00:00.000
657,5448,9,956,394.24775244349377,1.5268864754824996,1,2008-06-01 00:00:00.000
645,7619,9,937,504.73081093925543,7.798799255366603,1,2008-06-01 00:00:00.000
898,8267,8,77,903.1911051503372,2.531499636385013,1,2008-06-01 00:00:00.000
446,2399,0,602,452.0229984603212,4.692165508601257,1,2008-06-01 00:00:00.000
433,4652,7,839,108.25060757058063,3.5263629432764496,1,2008-06-01 00:00:00.000
324,1639,8,766,727.0362934160573,9.343340032854181,1,2008-06-01 00:00:00.000
915,3986,8,958,415.0697656976056,8.800644159047952,1,2008-06-01 00:00:00.000
381,4942,1,715,62.066504580176186,2.150372991819318,1,2008-06-01 00:00:00.000
560,8888,3,943,206.256765822512,2.34821538517474,1,2008-06-01 00:00:00.000
660,7373,6,865,732.6110438825212,9.336363107427372,1,2008-06-01 00:00:00.000
248,7514,0,788,622.9754002944193,1.303688314184892,1,2008-06-01 00:00:00.000
664,5146,9,602,837.6548435954699,9.7563747924499,1,2008-06-01 00:00:00.000
386,5128,0,802,881.4169314066395,8.098287026441396,1,2008-06-01 00:00:00.000
706,3456,0,671,935.0449799236266,7.765345815070143,1,2008-06-01 00:00:00.000
21,9530,3,659,96.36616194520084,0.26835306542461357,1,2008-06-01 00:00:00.000
689,3994,1,679,951.0479607699663,3.604202229377118,1,2008-06-01 00:00:00.000
543,4546,6,923,846.0940354909392,3.069990978051046,1,2008-06-01 00:00:00.000
722,2968,1,522,969.0930886886487,7.575843721870084,1,2008-06-01 00:00:00.000
407,5165,9,945,180.3590345248948,5.961561295239037,1,2008-06-01 00:00:00.000
516,8383,0,816,963.645467597325,3.7846259414845616,1,2008-06-01 00:00:00.000
511,6917,8,126,403.38004804750733,9.611425165954783,1,2008-06-01 00:00:00.000
760,7957,2,628,700.1237833641019,3.402407311291671,1,2008-06-01 00:00:00.000
415,10831,3,118,930.2564012928101,5.371559171794074,1,2008-06-01 00:00:00.000
655,6363,1,969,901.7813558354526,6.301192010444408,1,2008-06-01 00:00:00.000
248,3694,7,588,561.4537284451818,4.12835432697828,1,2008-06-01 00:00:00.000
459,2497,5,695,389.50273392281713,3.456847137942738,1,2008-06-01 00:00:00.000
113,1443,5,664,891.6496175322854,6.100116583545503,1,2008-06-01 00:00:00.000
340,4162,1,537,201.53372998463217,0.7803260063496975,1,2008-06-01 00:00:00.000
923,1310,3,186,122.43872318117056,7.496493439197963,1,2008-06-01 00:00:00.000
918,8912,4,136,761.2594164102774,7.972286742376329,1,2008-06-01 00:00:00.000
966,5797,9,308,285.1344143821192,3.988250862818481,1,2008-06-01 00:00:00.000
781,5908,5,950,893.2726379619018,3.6239420341842346,1,2008-06-01 00:00:00.000
96,8719,2,960,919.1726881952375,4.656529078056444,1,2008-06-01 00:00:00.000
769,4336,4,993,968.1343879501619,0.1014366982585646,1,2008-06-01 00:00:00.000
229,10410,2,2,411.4236791877578,3.4989077750609776,1,2008-06-01 00:00:00.000
155,9433,5,294,660.4186070853925,8.752993747365878,1,2008-06-01 00:00:00.000
865,5708,2,817,654.0473577322975,8.665318504986836,1,2008-06-01 00:00:00.000
824,7241,0,5,696.8545838321318,7.66753214118273,1,2008-06-01 00:00:00.000
569,4556,9,402,334.3922980187177,2.3800376620162167,1,2008-06-01 00:00:00.000
306,4064,9,960,618.6342580237431,0.5904055239447392,1,2008-06-01 00:00:00.000
827,10983,7,771,995.8296640759594,6.976704097394274,1,2008-06-01 00:00:00.000
909,6086,8,430,914.234621534419,6.666367224966016,1,2008-06-01 00:00:00.000
361,1792,5,802,141.33971732718115,4.6315048133237555,1,2008-06-01 00:00:00.000
437,8793,1,645,963.4221174002735,6.431820995209488,1,2008-06-01 00:00:00.000
874,1587,4,359,898.1242394910208,0.22537599772428196,1,2008-06-01 00:00:00.000
766,4741,6,576,3.4515792362417903,9.917866843052378,1,2008-06-01 00:00:00.000
327,5754,6,719,349.5049029511113,8.299267731276869,1,2008-06-01 00:00:00.000
250,1742,0,177,840.8508156287845,7.852607047777484,1,2008-06-01 00:00:00.000
165,7630,2,33,297.8873525955429,6.287228711599165,1,2008-06-01 00:00:00.000
136,1830,5,148,271.59094339053627,6.765631221526309,1,2008-06-01 00:00:00.000
470,10478,3,625,264.6192269036193,7.120266202577489,1,2008-06-01 00:00:00.000
315,4289,5,988,64.88272368249531,3.2995481792419246,1,2008-06-01 00:00:00.000
807,8898,0,641,641.1524839672974,4.889640434932754,1,2008-06-01 00:00:00.000
397,3634,6,832,99.31145342157946,2.222892156739058,1,2008-06-01 00:00:00.000
467,8034,3,508,345.0322206614778,7.541456343589252,1,2008-06-01 00:00:00.000
637,5795,6,242,554.5252823611565,6.51567417132914,1,2008-06-01 00:00:00.000
81,2334,9,328,920.8775708758267,0.5451194243943447,1,2008-06-01 00:00:00.000
387,2719,6,787,200.22630738096296,6.463317472627576,1,2008-06-01 00:00:00.000
969,8737,6,255,887.6955095437414,5.136424988075735,1,2008-06-01 00:00:00.000
691,7295,0,883,618.7791596322807,7.9466509687502205,1,2008-06-01 00:00:00.000
234,1921,2,442,149.57426736437716,4.081750288951508,1,2008-06-01 00:00:00.000
260,6925,2,899,759.3486427047416,8.055102396221923,1,2008-06-01 00:00:00.000
489,1718,1,56,591.0398892227618,6.943028532732151,1,2008-06-01 00:00:00.000
395,5065,7,167,442.10545239587657,8.777180186391693,1,2008-06-01 00:00:00.000
187,5001,8,303,456.1292272435575,5.5438804190432736,1,2008-06-01 00:00:00.000
525,5868,8,6,435.69880800712673,6.836783308834303,1,2008-06-01 00:00:00.000
804,6116,7,291,797.5308217429053,8.745486491910505,1,2008-06-01 00:00:00.000
792,7471,6,406,409.8847779665613,9.745838995674594,1,2008-06-01 00:00:00.000
687,1549,2,896,250.97771900533215,3.73648323090947,1,2008-06-01 00:00:00.000
617,4600,7,448,471.92097534018046,4.8332135400009655,1,2008-06-01 00:00:00.000
65,5679,5,636,489.4375874850736,8.824372865189712,1,2008-06-01 00:00:00.000
426,10984,1,2,137.09107451596438,9.386800224791195,1,2008-06-01 00:00:00.000
728,5408,4,864,120.53943879972987,0.186635238878069,1,2008-06-01 00:00:00.000
629,6582,2,631,420.5070777720674,6.1101376302456165,1,2008-06-01 00:00:00.000
35,2035,0,322,328.10105039774186,2.197938772940322,1,2008-06-01 00:00:00.000
644,3774,1,9,319.15233798950925,8.846869415537741,1,2008-06-01 00:00:00.000
286,9041,6,356,405.5770761061723,7.795544899735015,1,2008-06-01 00:00:00.000
80,10619,7,485,217.97527188621035,8.965801867090395,1,2008-06-01 00:00:00.000
160,4413,3,787,310.73536969330667,1.8782076008902238,1,2008-06-01 00:00:00.000
359,7762,9,771,782.7214347950764,2.9262785969466485,1,2008-06-01 00:00:00.000
696,5792,9,589,636.887446139887,6.954571657588708,1,2008-06-01 00:00:00.000
829,8893,7,969,611.1010514733799,6.3580375948888985,1,2008-06-01 00:00:00.000
386,6085,4,179,843.5486972048902,6.1652757363119495,1,2008-06-01 00:00:00.000
968,2555,9,413,351.82926987954244,9.491670016663633,1,2008-06-01 00:00:00.000
210,6200,8,219,262.485542660802,4.398670078615565,1,2008-06-01 00:00:00.000
529,5756,7,46,183.04830877975232,2.9652574125872997,1,2008-06-01 00:00:00.000
910,10303,5,415,296.71811172795896,3.5032609564017814,1,2008-06-01 00:00:00.000
474,7132,0,190,398.6432634124506,1.909711303906767,1,2008-06-01 00:00:00.000
554,7382,8,835,350.19163039371836,2.570699664767211,1,2008-06-01 00:00:00.000
203,9425,4,749,463.99816441463304,9.779797705249962,1,2008-06-01 00:00:00.000
310,1011,3,776,338.5037327812158,8.921332371035184,1,2008-06-01 00:00:00.000
12,7714,4,12,211.80342313593604,1.6497771675980633,1,2008-06-01 00:00:00.000
547,7004,5,205,205.2813362412642,9.770035906377974,1,2008-06-01 00:00:00.000
855,1235,0,275,890.6232865392953,9.632049337089164,1,2008-06-01 00:00:00.000
721,6083,7,240,625.537689369533,8.58326196881199,1,2008-06-01 00:00:00.000
307,2675,0,631,537.0592261097116,0.7041373898710834,1,2008-06-01 00:00:00.000
76,5877,2,65,75.60938696065956,3.8589205550500285,1,2008-06-01 00:00:00.000
213,9577,2,221,593.5050812959572,9.543810771399192,1,2008-06-01 00:00:00.000
13,3399,9,28,640.0722832898575,1.468932935174554,1,2008-06-01 00:00:00.000
796,7937,2,297,925.6792470831285,5.974084802934817,1,2008-06-01 00:00:00.000
2,5683,1,594,387.3664984548638,4.799988688411624,1,2008-06-01 00:00:00.000
978,8205,5,404,265.341824925458,8.309302688419596,1,2008-06-01 00:00:00.000
120,2489,0,68,740.7233872762205,9.711244866018124,1,2008-06-01 00:00:00.000
418,8709,5,886,751.8569184151057,0.2704459152237737,1,2008-06-01 00:00:00.000
794,10872,8,869,192.38013133730618,3.7984097285618668,1,2008-06-01 00:00:00.000
206,1023,8,885,609.5449185681485,0.20228201731234519,1,2008-06-01 00:00:00.000
991,7052,4,352,736.9934845129582,1.6118511200824448,1,2008-06-01 00:00:00.000
298,5994,1,806,24.08448530715352,7.076906459204246,1,2008-06-01 00:00:00.000
961,6241,9,920,754.61890820284,9.322081252396206,1,2008-06-01 00:00:00.000
685,8025,9,123,112.57134363968329,8.20768975941193,1,2008-06-01 00:00:00.000
829,6111,6,393,541.6100697576836,3.859166123863864,1,2008-06-01 00:00:00.000
854,8751,2,176,361.218206329436,8.724593707202782,1,2008-06-01 00:00:00.000
571,4224,6,209,473.31105743701187,2.7733110419925544,1,2008-06-01 00:00:00.000
448,9534,0,385,128.08980394456202,2.6762756598337347,1,2008-06-01 00:00:00.000
540,4067,4,250,711.4641833164852,1.9720827152143172,1,2008-06-01 00:00:00.000
48,5112,1,83,759.7072723772455,0.12634998829521127,1,2008-06-01 00:00:00.000
436,8418,2,624,556.8369841646171,9.08542569171154,1,2008-06-01 00:00:00.000
759,8373,9,848,535.8279550942761,3.800631347884915,1,2008-06-01 00:00:00.000
601,2446,7,837,937.6844631720438,0.4928330925355595,1,2008-06-01 00:00:00.000
774,8552,2,933,11.209129324467176,2.7191364959074695,1,2008-06-01 00:00:00.000
766,2366,1,347,152.30604288756007,0.017744572952107518,1,2008-06-01 00:00:00.000
230,2130,4,20,456.6990633528607,8.811073736764412,1,2008-06-01 00:00:00.000
759,8599,4,476,789.131717244173,6.952432636171135,1,2008-06-01 00:00:00.000
661,7415,1,166,896.563833817132,5.763004426869733,1,2008-06-01 00:00:00.000
347,5111,8,154,844.4776942874244,0.4223550145243471,1,2008-06-01 00:00:00.000
911,10170,2,383,773.554802265613,7.289813059711121,1,2008-06-01 00:00:00.000
265,9130,1,918,270.3493192090454,6.132146203874731,1,2008-06-01 00:00:00.000
748,8692,9,871,542.8502093480714,4.64507172201126,1,2008-06-01 00:00:00.000
541,7569,6,10,727.437425911099,0.2561263819936921,1,2008-06-01 00:00:00.000
501,2530,9,429,461.6627897033333,0.5018469605578935,1,2008-06-01 00:00:00.000
544,8330,8,284,2.7544521859969757,3.6444105790219705,1,2008-06-01 00:00:00.000
798,9440,0,89,530.9964097263793,8.336939990345867,1,2008-06-01 00:00:00.000
696,6219,5,41,460.1871651839351,7.611401223638356,1,2008-06-01 00:00:00.000
16,10338,7,471,960.7558639599148,3.1410122591354783,1,2008-06-01 00:00:00.000
532,4384,4,652,88.60552604756641,0.3566528969617033,1,2008-06-01 00:00:00.000
248,1762,1,799,661.1673519143634,0.6539945808011827,1,2008-06-01 00:00:00.000
749,3146,6,229,11.06079520581166,0.5388007938450989,1,2008-06-01 00:00:00.000
573,9944,2,897,103.25093489324973,8.389639162245402,1,2008-06-01 00:00:00.000
65,8630,7,254,963.0305768108879,1.6814431240163985,1,2008-06-01 00:00:00.000
34,9717,6,906,472.90199005906493,2.4650191797919927,1,2008-06-01 00:00:00.000
85,3956,5,410,10.62456876275352,7.935582003998125,1,2008-06-01 00:00:00.000
139,5359,6,752,319.9852944797514,9.690238423058812,1,2008-06-01 00:00:00.000
33,5641,9,484,798.1523385794652,8.256414677580654,1,2008-06-01 00:00:00.000
791,9097,5,723,898.7229894517156,4.500566482980463,1,2008-06-01 00:00:00.000
967,7598,5,418,903.4727556136688,2.2729846763081163,1,2008-06-01 00:00:00.000
364,6182,6,821,150.56769431022312,5.127664058991868,1,2008-06-01 00:00:00.000
233,4406,6,207,257.09459552893804,7.037396104704787,1,2008-06-01 00:00:00.000
174,3422,5,739,677.6911842349436,2.9085217584473977,1,2008-06-01 00:00:00.000
101,4593,1,470,332.07878740204177,9.436003244909765,1,2008-06-01 00:00:00.000
882,10669,0,599,273.1921116130299,2.8201859307108554,1,2008-06-01 00:00:00.000
86,3376,0,55,670.405392758914,4.328185597932562,1,2008-06-01 00:00:00.000
286,2098,9,710,387.12798048462435,2.20529526168191,1,2008-06-01 00:00:00.000
118,2718,3,131,424.6116174723558,3.4490257284825487,1,2008-06-01 00:00:00.000
695,6066,6,809,573.5116825242902,8.217912631649199,1,2008-06-01 00:00:00.000
664,4658,5,698,938.1819740140301,4.7704099991813065,1,2008-06-01 00:00:00.000
482,9101,0,330,227.4777833178601,2.7710823312703825,1,2008-06-01 00:00:00.000
70,1653,6,440,944.3781181758343,6.360771660031485,1,2008-06-01 00:00:00.000
510,10871,4,365,985.9205232265348,6.706998767172139,1,2008-06-01 00:00:00.000
716,5127,3,296,708.9328092455481,2.816904466276023,1,2008-06-01 00:00:00.000
26,3110,6,24,922.0336766421544,2.537628839325631,1,2008-06-01 00:00:00.000
214,10621,5,48,462.30104686702333,6.061971723576831,1,2008-06-01 00:00:00.000
144,6184,1,934,109.34123773013954,7.418076402219017,1,2008-06-01 00:00:00.000
613,4724,8,591,652.9616767773349,5.712048268943856,1,2008-06-01 00:00:00.000
341,2466,0,631,359.99862027551444,5.016938664868809,1,2008-06-01 00:00:00.000
667,5547,1,448,990.5930235761725,7.3092219009765325,1,2008-06-01 00:00:00.000
389,5759,9,510,834.3654979781303,6.637348556355017,1,2008-06-01 00:00:00.000
404,4719,6,363,887.8092002631824,9.50249907286241,1,2008-06-01 00:00:00.000
880,10876,9,24,839.1047752727558,8.319360789699138,1,2008-06-01 00:00:00.000
722,4742,4,652,776.5367884288121,3.7284531649968553,1,2008-06-01 00:00:00.000
933,6951,5,625,500.34550249179597,1.7187799802081394,1,2008-06-01 00:00:00.000
414,1218,2,216,861.0366786661119,2.1017572297605813,1,2008-06-01 00:00:00.000
830,2252,6,903,55.764107920215714,2.3094946966207575,1,2008-06-01 00:00:00.000
898,4664,9,879,165.03162356272745,1.0714534706627399,1,2008-06-01 00:00:00.000
226,7168,6,136,293.78401929229636,8.895824805856808,1,2008-06-01 00:00:00.000
74,1670,1,893,249.38770620730278,9.932003102717621,1,2008-06-01 00:00:00.000
156,5567,9,347,179.4722952268785,3.54834906185858,1,2008-06-01 00:00:00.000
28,9754,5,128,733.316244829382,4.49887734405622,1,2008-06-01 00:00:00.000
394,2999,1,704,917.1206481237145,0.8911280187774151,1,2008-06-01 00:00:00.000
898,4669,7,611,683.1124577309416,7.166639764222983,1,2008-06-01 00:00:00.000
743,3162,4,838,666.9390749309875,0.17019473121243522,1,2008-06-01 00:00:00.000
935,2890,4,685,129.028397857101,5.163183620390578,1,2008-06-01 00:00:00.000
603,1654,7,402,757.7617025444064,2.72263699115595,1,2008-06-01 00:00:00.000
823,5805,3,101,361.98993546812505,9.09698446867171,1,2008-06-01 00:00:00.000
623,8366,4,846,661.167382904739,1.3425460032059067,1,2008-06-01 00:00:00.000
523,5457,7,952,277.5110543909133,3.864936556022754,1,2008-06-01 00:00:00.000
456,6876,1,71,49.95189026059023,6.604563525945867,1,2008-06-01 00:00:00.000
305,4853,4,342,852.3334322457375,3.6465398212475595,1,2008-06-01 00:00:00.000
519,10859,2,199,107.4541306940613,8.45771024020365,1,2008-06-01 00:00:00.000
320,8592,6,143,920.0257337684367,2.0559097486446,1,2008-06-01 00:00:00.000
320,3970,4,350,785.8348573281776,9.341629894761546,1,2008-06-01 00:00:00.000
890,2062,0,198,649.01394888869,7.556287821351248,1,2008-06-01 00:00:00.000
234,10643,6,804,956.035211699366,7.704342140433605,1,2008-06-01 00:00:00.000
801,9592,5,706,644.2827040272335,2.9624277177864675,1,2008-06-01 00:00:00.000
702,1080,7,528,373.8007373811367,8.115040436576582,1,2008-06-01 00:00:00.000
177,3821,5,407,286.2874237549709,6.264440906275651,1,2008-06-01 00:00:00.000
601,4054,5,478,80.8474175422826,6.167439637149853,1,2008-06-01 00:00:00.000
35,10032,4,579,845.4485056285896,8.102386144495647,1,2008-06-01 00:00:00.000
31,6392,6,609,268.9680617944643,3.058612125810445,1,2008-06-01 00:00:00.000
354,10484,4,659,74.96013255226421,9.004088628431168,1,2008-06-01 00:00:00.000
7,7685,9,915,758.6297563635759,6.105221557668599,1,2008-06-01 00:00:00.000
470,4611,1,580,313.5409616652973,6.969384206712817,1,2008-06-01 00:00:00.000
475,3396,0,257,101.39782211294164,7.523506347325011,1,2008-06-01 00:00:00.000
749,1616,5,720,764.1780493874164,3.142176997549547,1,2008-06-01 00:00:00.000
728,8639,8,81,871.3370704480238,4.5513203577285575,1,2008-06-01 00:00:00.000
925,2235,1,553,360.87151464486305,0.1574115738309667,1,2008-06-01 00:00:00.000
681,8841,8,509,25.387271390784,9.429994616362237,1,2008-06-01 00:00:00.000
80,6426,8,806,692.8750407734778,4.283259493698374,1,2008-06-01 00:00:00.000
585,2000,4,540,160.5886012271895,7.8907310324837185,1,2008-06-01 00:00:00.000
75,3389,1,101,692.9454779741299,8.699521336291578,1,2008-06-01 00:00:00.000
523,10571,3,427,296.94118878518964,9.60469906533418,1,2008-06-01 00:00:00.000
322,9695,0,686,228.665021107029,1.1614543238429487,1,2008-06-01 00:00:00.000
644,8912,1,520,181.62382593485162,3.5579528723410156,1,2008-06-01 00:00:00.000
4,10293,5,983,441.98001990734684,4.893931955243147,1,2008-06-01 00:00:00.000
259,4840,4,73,323.26824615080494,5.501744384304359,1,2008-06-01 00:00:00.000
400,5931,4,228,565.7133507126683,6.844049535490964,1,2008-06-01 00:00:00.000
980,1196,6,720,823.988653110698,3.5057595770154313,1,2008-06-01 00:00:00.000
636,8884,3,548,50.950192687864984,2.390993009889745,1,2008-06-01 00:00:00.000
709,5299,6,464,676.900014899864,1.2062564491361683,1,2008-06-01 00:00:00.000
122,7044,1,340,186.87255286546196,0.2701881014650931,1,2008-06-01 00:00:00.000
737,10855,9,141,512.9243533289589,6.593038344822776,1,2008-06-01 00:00:00.000
95,4132,7,744,944.8231744726023,5.814452388630836,1,2008-06-01 00:00:00.000
325,8279,3,421,827.7805570433479,7.118649763071232,1,2008-06-01 00:00:00.000
34,1328,1,537,537.1175787863208,4.648076451984059,1,2008-06-01 00:00:00.000
983,5425,4,478,462.1819327479489,9.540132482007207,1,2008-06-01 00:00:00.000
298,2737,4,599,175.39076137364648,2.6904624583348857,1,2008-06-01 00:00:00.000
264,1524,7,449,581.4238335095941,5.218136188998566,1,2008-06-01 00:00:00.000
154,3982,9,587,737.0656151466768,1.7341493876611735,1,2008-06-01 00:00:00.000
107,2500,7,850,611.7348543194322,8.600127627583078,1,2008-06-01 00:00:00.000
361,9700,3,217,452.86043351186777,2.9577638264234563,1,2008-06-01 00:00:00.000
860,6018,2,56,473.9870299614286,8.303897172683211,1,2008-06-01 00:00:00.000
740,2005,8,955,376.1158789281939,3.5176303047467306,1,2008-06-01 00:00:00.000
754,9401,9,872,108.61215181520244,6.594516809040433,1,2008-06-01 00:00:00.000
597,7822,2,660,283.11496542874295,3.8324832615328375,1,2008-06-01 00:00:00.000
90,3072,0,171,620.8571597414623,4.112351412674623,1,2008-06-01 00:00:00.000
544,8665,9,14,703.4942080956339,5.333925999216759,1,2008-06-01 00:00:00.000
548,6341,0,384,453.82539974454545,2.4616836048298785,1,2008-06-01 00:00:00.000
188,1624,5,291,108.30094196691059,0.3009820777499317,1,2008-06-01 00:00:00.000
912,1291,6,547,762.0986496807346,7.708962337831801,1,2008-06-01 00:00:00.000
223,5390,4,229,779.2378854854838,6.930290287168752,1,2008-06-01 00:00:00.000
88,3988,9,328,697.1115024455479,2.9666398955748363,1,2008-06-01 00:00:00.000
833,9741,8,417,658.1560978637475,4.014195795020373,1,2008-06-01 00:00:00.000
619,10597,0,321,501.8597373175365,8.053015783563547,1,2008-06-01 00:00:00.000
858,1288,9,785,381.90567556045534,0.5071959316442831,1,2008-06-01 00:00:00.000
971,8848,2,579,284.96441559680613,8.720455766293396,1,2008-06-01 00:00:00.000
923,2293,3,333,938.2358942704008,5.856898176975953,1,2008-06-01 00:00:00.000
535,2943,5,112,986.5850056619635,7.133812004203412,1,2008-06-01 00:00:00.000
751,3121,2,378,740.5483253542124,7.258853658193297,1,2008-06-01 00:00:00.000
852,2349,0,736,442.1780983733504,9.157819755211293,1,2008-06-01 00:00:00.000
65,2261,8,91,533.9493025424705,9.965332768459312,1,2008-06-01 00:00:00.000
721,1855,5,331,525.6320850175423,2.576703083169962,1,2008-06-01 00:00:00.000
927,10974,4,119,402.2247102209475,6.4363118633413094,1,2008-06-01 00:00:00.000
744,2020,0,169,211.87380205020895,3.621166787930786,1,2008-06-01 00:00:00.000
994,2400,1,601,170.06391823271144,9.466642426289761,1,2008-06-01 00:00:00.000
532,5483,0,589,883.6399745286938,7.117419356791306,1,2008-06-01 00:00:00.000
47,7411,6,782,779.098704522173,3.456578405977516,1,2008-06-01 00:00:00.000
112,5681,6,826,511.7338071991768,8.199808937798982,1,2008-06-01 00:00:00.000
212,1700,2,894,709.090859435396,6.713540934123663,1,2008-06-01 00:00:00.000
157,10278,6,359,264.74658870696106,0.8431179251012544,1,2008-06-01 00:00:00.000
643,10372,9,851,204.90181644587693,6.08119979945859,1,2008-06-01 00:00:00.000
455,2029,3,605,842.914648294043,0.4725120881873812,1,2008-06-01 00:00:00.000
874,7924,9,630,22.709207699338705,3.287659951668076,1,2008-06-01 00:00:00.000
509,4957,5,304,207.50327188683954,4.598592022608664,1,2008-06-01 00:00:00.000
881,2615,4,88,535.2971062350822,0.1877364377313251,1,2008-06-01 00:00:00.000
414,3514,5,299,510.8625258771126,6.8019490926720385,1,2008-06-01 00:00:00.000
770,5255,1,209,407.140467988613,7.545011589304976,1,2008-06-01 00:00:00.000
93,6900,0,910,912.0840570561265,5.456080506329256,1,2008-06-01 00:00:00.000
257,2934,9,574,626.4291962839258,9.157569396786347,1,2008-06-01 00:00:00.000
611,9926,0,390,483.0031486873654,9.329472583331956,1,2008-06-01 00:00:00.000
424,8554,7,59,502.13296221369086,9.977000081902164,1,2008-06-01 00:00:00.000
712,5642,2,335,730.1370621845161,7.647111838238886,1,2008-06-01 00:00:00.000
935,6979,6,459,226.69566164126823,3.4034802014608525,1,2008-06-01 00:00:00.000
760,3569,5,239,260.02905573019905,2.3186409288814893,1,2008-06-01 00:00:00.000
645,8279,4,950,867.9665211650889,9.160426652664297,1,2008-06-01 00:00:00.000
153,10577,8,619,812.3758079384887,4.854822639001424,1,2008-06-01 00:00:00.000
654,7896,5,861,104.52500386584018,9.060436342187788,1,2008-06-01 00:00:00.000
754,9422,6,429,371.25711472002865,9.995938183174408,1,2008-06-01 00:00:00.000
86,2566,6,422,676.6375010191954,3.5699167939692122,1,2008-06-01 00:00:00.000
184,2562,9,669,174.75827416462914,2.265187499810224,1,2008-06-01 00:00:00.000
379,9603,6,652,468.6962213771253,7.363023112145561,1,2008-06-01 00:00:00.000
751,6206,2,293,375.2782420531391,0.5371232394289649,1,2008-06-01 00:00:00.000
593,5504,1,658,186.13427339759846,7.0262157696765035,1,2008-06-01 00:00:00.000
536,1536,4,659,659.8510249984947,9.27559632940022,1,2008-06-01 00:00:00.000
131,7957,5,76,986.4853802104982,8.73295894524824,1,2008-06-01 00:00:00.000
503,6731,1,913,478.87303067835364,3.347645826961924,1,2008-06-01 00:00:00.000
450,3137,2,407,939.4634756591356,8.05378238541739,1,2008-06-01 00:00:00.000
700,4821,2,753,560.7263316281158,6.259219722865725,1,2008-06-01 00:00:00.000
699,7583,0,427,959.6739526975243,8.100129982552955,1,2008-06-01 00:00:00.000
405,8430,2,113,151.9147579019045,9.285567769530541,1,2008-06-01 00:00:00.000
778,1198,6,783,874.8370438727761,5.921125415742542,1,2008-06-01 00:00:00.000
674,3248,3,308,879.4898384200189,1.2835954255913473,1,2008-06-01 00:00:00.000
141,4650,2,254,466.2045140581911,0.4805848473205654,1,2008-06-01 00:00:00.000
32,7492,3,209,352.73349670971834,5.975427663611148,1,2008-06-01 00:00:00.000
682,1111,2,47,764.1801588448265,8.63731355420073,1,2008-06-01 00:00:00.000
32,4757,4,941,490.28636649600935,5.181878986634273,1,2008-06-01 00:00:00.000
267,8355,3,787,528.0187505042298,8.334922003545017,1,2008-06-01 00:00:00.000
152,2466,6,575,244.16324178817334,2.8614835959171767,1,2008-06-01 00:00:00.000
943,3283,0,683,684.8704179306409,0.6781023066495317,1,2008-06-01 00:00:00.000
939,7618,4,150,682.3817056369285,5.8751896632085785,1,2008-06-01 00:00:00.000
550,6403,8,581,615.3626915154639,4.730512391821025,1,2008-06-01 00:00:00.000
457,5758,0,270,509.24509650171046,3.1487746661885065,1,2008-06-01 00:00:00.000
308,9206,0,394,444.36835556119735,0.7151104075044645,1,2008-06-01 00:00:00.000
981,7921,0,335,847.6678174096355,5.3444956391853236,1,2008-06-01 00:00:00.000
132,2236,3,556,39.594901416994134,8.830992474080288,1,2008-06-01 00:00:00.000
510,3910,6,269,650.3090051293659,2.2804366051072233,1,2008-06-01 00:00:00.000
694,6392,1,827,145.14926050134736,2.1214874655942495,1,2008-06-01 00:00:00.000
915,8492,4,431,293.6893227228183,5.150470587834528,1,2008-06-01 00:00:00.000
863,4306,6,937,46.28219309204886,2.7364633030143315,1,2008-06-01 00:00:00.000
664,10054,1,77,881.906816109056,5.099709794680064,1,2008-06-01 00:00:00.000
868,2672,0,134,324.0967179384362,1.5275068349389043,1,2008-06-01 00:00:00.000
744,8868,1,515,434.0386594922319,8.899762586984757,1,2008-06-01 00:00:00.000
569,10153,5,778,673.1184277663164,1.1978375277425224,1,2008-06-01 00:00:00.000
930,4453,8,747,496.81913826229277,6.345078780738764,1,2008-06-01 00:00:00.000
396,8868,7,705,351.26790629252787,3.199523554473198,1,2008-06-01 00:00:00.000
703,8493,7,52,858.7179845854823,2.556110918599309,1,2008-06-01 00:00:00.000
953,10563,9,41,672.9513432982195,8.228767790874965,1,2008-06-01 00:00:00.000
58,1509,8,585,818.1089171676323,1.6269758479514962,1,2008-06-01 00:00:00.000
935,1384,7,662,16.690727019820642,9.515734406770225,1,2008-06-01 00:00:00.000
53,7778,8,681,19.81491544487967,5.99475019632279,1,2008-06-01 00:00:00.000
855,1582,7,462,60.95262508383893,7.138596267860473,1,2008-06-01 00:00:00.000
317,4162,3,58,120.94411178110134,8.534493185920466,1,2008-06-01 00:00:00.000
179,8709,9,948,492.60314712760095,0.3121753949334627,1,2008-06-01 00:00:00.000
786,4169,2,705,528.590401409253,1.6985360863983634,1,2008-06-01 00:00:00.000
762,4651,8,651,99.71639274797606,3.009762603565406,1,2008-06-01 00:00:00.000
728,9051,0,699,125.66227193869689,0.020534503125319015,1,2008-06-01 00:00:00.000
991,8390,9,119,109.2946763665886,6.372398530589458,1,2008-06-01 00:00:00.000
630,2886,9,664,328.8257531450777,8.99423407716624,1,2008-06-01 00:00:00.000
784,7659,7,147,780.8213390594501,9.143105899154254,1,2008-06-01 00:00:00.000
733,8350,1,32,956.2997615525732,4.713848456619038,1,2008-06-01 00:00:00.000
569,3466,5,151,612.4602918308522,4.834261220492747,1,2008-06-01 00:00:00.000
950,4461,2,664,212.02702344711858,4.727406680130767,1,2008-06-01 00:00:00.000
508,2156,5,383,107.1414188463125,1.4945021020370797,1,2008-06-01 00:00:00.000
559,6683,8,767,669.5580783089005,1.306378256008891,1,2008-06-01 00:00:00.000
669,9904,3,881,858.7268435780977,6.78726723894872,1,2008-06-01 00:00:00.000
445,3743,4,354,447.83402832849015,3.7743353769060795,1,2008-06-01 00:00:00.000
426,4516,0,804,728.9405401998423,7.626268503147001,1,2008-06-01 00:00:00.000
768,3998,3,852,723.9299774633614,6.664367499949085,1,2008-06-01 00:00:00.000
219,9072,7,902,110.76220189859912,9.8338984595247,1,2008-06-01 00:00:00.000
741,7502,9,708,511.73182206070686,5.289417239881839,1,2008-06-01 00:00:00.000
866,1328,2,571,765.5362078449147,9.196780345097274,1,2008-06-01 00:00:00.000
744,7819,2,89,27.458245028156444,9.811655933125467,1,2008-06-01 00:00:00.000
862,1736,5,9,376.1273212650437,0.8883714903775863,1,2008-06-01 00:00:00.000
262,10293,2,10,157.9123244557753,3.086473062459655,1,2008-06-01 00:00:00.000
614,1781,0,577,839.0674593186579,9.511729531847667,1,2008-06-01 00:00:00.000
95,10759,2,391,412.3495376644181,6.433608236696963,1,2008-06-01 00:00:00.000
260,2638,2,529,480.7811615369705,6.9862606963482685,1,2008-06-01 00:00:00.000
988,10724,7,696,334.88353445126825,1.05240312690561,1,2008-06-01 00:00:00.000
647,2311,2,747,655.6520215055998,0.16046753770325273,1,2008-06-01 00:00:00.000
245,1700,1,946,680.4160378132132,1.0501079755521625,1,2008-06-01 00:00:00.000
189,7172,2,147,791.8990061654468,4.378419740494444,1,2008-06-01 00:00:00.000
996,2770,7,965,693.174378117548,6.991629457326265,1,2008-06-01 00:00:00.000
682,1299,8,835,676.9680653868699,3.260869882350055,1,2008-06-01 00:00:00.000
689,1532,4,803,569.0676614336217,6.506057058630922,1,2008-06-01 00:00:00.000
764,4166,6,34,791.4138723483685,8.682647077019757,1,2008-06-01 00:00:00.000
868,9292,2,287,674.2323348660044,0.799762548458689,1,2008-06-01 00:00:00.000
458,4079,0,171,699.0454939947871,8.33615689367592,1,2008-06-01 00:00:00.000
664,6865,2,662,273.32732125778415,2.927817678546778,1,2008-06-01 00:00:00.000
327,1307,8,394,922.4415752114188,1.3665231324283045,1,2008-06-01 00:00:00.000
372,7409,4,238,430.3620313969449,5.364927617985793,1,2008-06-01 00:00:00.000
934,1035,6,85,391.8022530773501,5.347110434761046,1,2008-06-01 00:00:00.000
238,7594,9,909,390.0919754882744,0.794034032022024,1,2008-06-01 00:00:00.000
822,2233,3,756,400.4993568158454,0.3348655754379448,1,2008-06-01 00:00:00.000
21,7856,4,298,73.30202904043611,1.0951908317591263,1,2008-06-01 00:00:00.000
856,4065,2,966,109.61033895441021,7.903125265594223,1,2008-06-01 00:00:00.000
50,6718,1,159,407.61219558472055,5.269271904958298,1,2008-06-01 00:00:00.000
710,6807,9,613,913.1783071272362,4.895234510300762,1,2008-06-01 00:00:00.000
374,2997,2,518,993.7876888604005,7.470521369204248,1,2008-06-01 00:00:00.000
349,9173,0,189,532.9271493757733,3.1755280848825107,1,2008-06-01 00:00:00.000
213,3326,6,831,106.91281187303986,1.4489120080442364,1,2008-06-01 00:00:00.000
732,8606,8,228,407.6797780285242,7.874927065024174,1,2008-06-01 00:00:00.000
222,10624,0,213,257.1977346611581,7.517726425529605,1,2008-06-01 00:00:00.000
488,5482,5,327,949.7770528275208,7.5366071693413295,1,2008-06-01 00:00:00.000
119,2134,8,557,499.62719943222123,2.6637365623333533,1,2008-06-01 00:00:00.000
85,6136,4,716,376.3759505232349,0.16289939312292945,1,2008-06-01 00:00:00.000
5,3215,4,69,299.1321377571682,3.6067983707752536,1,2008-06-01 00:00:00.000
28,3416,8,436,231.61830852082736,9.447785581326906,1,2008-06-01 00:00:00.000
128,5479,2,411,177.46817236417112,6.492646287292411,1,2008-06-01 00:00:00.000
802,6810,4,738,350.3044063850927,5.450052654669041,1,2008-06-01 00:00:00.000
100,4757,7,336,450.51896597455107,5.467109895723684,1,2008-06-01 00:00:00.000
715,7348,4,304,811.8807111992732,3.6203788505412704,1,2008-06-01 00:00:00.000
419,6161,0,282,181.30783305078603,5.631943043922486,1,2008-06-01 00:00:00.000
431,5207,0,387,513.2575268385723,5.441319877682834,1,2008-06-01 00:00:00.000
844,9831,8,3,8.597947278352153,3.821894949098775,1,2008-06-01 00:00:00.000
880,10474,7,931,241.2089069206802,2.9723725593633454,1,2008-06-01 00:00:00.000
465,2040,2,883,777.5890839942178,3.269618787225883,1,2008-06-01 00:00:00.000
268,9630,2,113,631.8762048131413,8.312994065428242,1,2008-06-01 00:00:00.000
409,2078,9,86,861.878249074662,5.539454946859596,1,2008-06-01 00:00:00.000
235,2194,7,680,98.19659764374038,7.404657384775071,1,2008-06-01 00:00:00.000
902,5780,2,191,752.541721965505,5.113087347219803,1,2008-06-01 00:00:00.000
754,3496,0,781,729.9082393248482,5.68873020382458,1,2008-06-01 00:00:00.000
906,1691,7,471,923.9182459109421,8.699523513160962,1,2008-06-01 00:00:00.000
51,10757,6,821,346.14690083005286,0.9201606772205706,1,2008-06-01 00:00:00.000
779,5645,1,336,94.42532336782487,2.71879395582286,1,2008-06-01 00:00:00.000
818,10572,2,192,193.54185869177473,5.907665185322455,1,2008-06-01 00:00:00.000
346,4110,5,931,849.5250817920014,8.47323273556031,1,2008-06-01 00:00:00.000
181,6478,2,429,423.1438362685518,1.109310117710578,1,2008-06-01 00:00:00.000
433,5736,5,225,190.77207127657246,5.272143881692739,1,2008-06-01 00:00:00.000
225,5592,9,664,236.47404892591481,3.8580855467411848,1,2008-06-01 00:00:00.000
300,4535,1,235,802.7210778513617,7.215113225467345,1,2008-06-01 00:00:00.000
570,3252,7,856,630.4701988898086,7.52526920406234,1,2008-06-01 00:00:00.000
485,6577,4,424,912.3517405056493,9.466185760893342,1,2008-06-01 00:00:00.000
245,4262,3,515,917.1243051999885,0.15008770796766324,1,2008-06-01 00:00:00.000
425,5430,1,488,259.5756028966288,4.665568656736006,1,2008-06-01 00:00:00.000
220,8688,2,244,631.1570205142219,7.972378542965327,1,2008-06-01 00:00:00.000
718,9443,7,73,199.33179019765657,9.627487334685226,1,2008-06-01 00:00:00.000
199,9194,0,523,134.15354971992582,4.90066291869402,1,2008-06-01 00:00:00.000
183,6647,9,135,92.74907796897783,6.662262363307474,1,2008-06-01 00:00:00.000
766,5601,1,775,112.19964856454901,4.23124500844294,1,2008-06-01 00:00:00.000
806,10327,6,863,16.855085455709407,2.737639703858309,1,2008-06-01 00:00:00.000
691,10787,0,724,278.1986329370171,3.904647949309509,1,2008-06-01 00:00:00.000
400,10342,6,235,440.3475016983354,3.2588501867986155,1,2008-06-01 00:00:00.000
130,10145,1,659,919.7257712200006,1.243912519883107,1,2008-06-01 00:00:00.000
167,1956,6,362,819.0078923462331,5.498831759708386,1,2008-06-01 00:00:00.000
585,4560,5,123,495.482585688874,7.464975446757541,1,2008-06-01 00:00:00.000
529,5306,4,954,99.43472582912375,9.64950304090325,1,2008-06-01 00:00:00.000
893,4378,1,32,236.15026073662582,6.282553892504785,1,2008-06-01 00:00:00.000
413,4729,3,191,875.9010473900915,3.091925909187422,1,2008-06-01 00:00:00.000
28,8994,9,158,720.7105851722689,4.655666556095193,1,2008-06-01 00:00:00.000
737,7874,7,395,437.30042855347386,5.797648987658124,1,2008-06-01 00:00:00.000
371,3498,8,257,582.1023504894547,7.125120121136449,1,2008-06-01 00:00:00.000
169,10013,6,864,85.33644718169515,1.775479362032355,1,2008-06-01 00:00:00.000
92,10384,3,23,929.4119884152477,8.29099741888612,1,2008-06-01 00:00:00.000
187,9066,8,183,80.33111178746472,3.1673798570628597,1,2008-06-01 00:00:00.000
516,10556,5,346,737.6600695630394,0.7613852835748669,1,2008-06-01 00:00:00.000
228,1661,2,290,148.28213885306985,9.974143960047547,1,2008-06-01 00:00:00.000
830,3720,5,163,288.6383738221919,8.374281478611978,1,2008-06-01 00:00:00.000
139,10088,1,456,856.0820774704268,9.455954663797394,1,2008-06-01 00:00:00.000
144,3909,5,440,858.1770857324899,6.652825883091876,1,2008-06-01 00:00:00.000
309,4158,0,221,230.12807514810737,5.004882781375336,1,2008-06-01 00:00:00.000
819,1142,3,558,135.67811565121585,4.299703451064208,1,2008-06-01 00:00:00.000
739,10862,2,164,758.8979546461552,4.725839264590688,1,2008-06-01 00:00:00.000
115,5169,6,592,364.7372751475333,1.0697681224916622,1,2008-06-01 00:00:00.000
910,8321,2,191,466.44571806328304,5.089442534900089,1,2008-06-01 00:00:00.000
477,1972,0,613,978.1971566017654,8.580641898012278,1,2008-06-01 00:00:00.000
619,8721,8,825,908.1793676927017,4.834720693966169,1,2008-06-01 00:00:00.000
434,7952,4,302,406.02193882466617,1.5292454310591264,1,2008-06-01 00:00:00.000
995,7910,7,692,946.7237408983156,8.801518562009903,1,2008-06-01 00:00:00.000
735,10860,0,765,941.9665703599726,7.377919465859901,1,2008-06-01 00:00:00.000
670,6926,5,146,771.1433844477601,0.5619319711331539,1,2008-06-01 00:00:00.000
446,10172,1,517,960.1251554519157,2.857000556365735,1,2008-06-01 00:00:00.000
519,3075,0,644,43.30267773220357,6.597048853158169,1,2008-06-01 00:00:00.000
860,3059,9,128,345.08676535788464,5.601416460986632,1,2008-06-01 00:00:00.000
630,5140,6,147,127.67552067456464,3.3297245491510163,1,2008-06-01 00:00:00.000
549,5182,1,75,876.6019449879923,8.897070444454087,1,2008-06-01 00:00:00.000
28,9031,6,418,198.48119442652185,1.5760757590942587,1,2008-06-01 00:00:00.000
